"Address","Occurrences","H2-1","H2-1 Length","H2-2","H2-2 Length","Indexability","Indexability Status"
"https://downkingo.com/pt/","7","Aplicativo leve e Rápido.","25","Baixe qualquer Video.","21","Indexable",""
"https://downkingo.com/pt/instagram-downloader/","5","Reels em Full HD","16","Carrossel Completo","18","Indexable",""
"https://downkingo.com/pt/youtube-downloader/","5","Suporte a 4K e 8K","17","Playlists e Canais","18","Indexable",""
"https://downkingo.com/pt/twitter-downloader/","5","Vídeos em HD","12","GIFs Animados","13","Indexable",""
"https://downkingo.com/docs/","3","On this page","12","🎯 About","8","Indexable",""
"https://downkingo.com/pt/ferramentas/","14","YouTube Downloader","18","Instagram Downloader","20","Indexable",""
"https://downkingo.com/pt/tiktok-downloader/","5","Remove ID do Usuário","20","Sons e Áudios Virais","20","Indexable",""
"https://downkingo.com/pt/facebook-downloader/","5","Vídeos de Páginas","17","Reels do Facebook","17","Indexable",""
"https://downkingo.com/pt/blog/","6","Como Transcrever Áudio e Vídeo com IA Usando o DownKingo","56","Bem-vindo ao Blog do DownKingo","30","Indexable",""
"https://downkingo.com/","7","Lightweight App & Fast.","23","Download Any Video.","19","Indexable",""
"https://downkingo.com/roadmap/","7","On this page","12","✅ Completed","11","Indexable",""
"https://downkingo.com/installation/","4","On this page","12","Download","8","Indexable",""
"https://downkingo.com/development/","6","On this page","12","Prerequisites","13","Indexable",""
"https://downkingo.com/features/","4","On this page","12","Core Features","13","Indexable",""
"https://downkingo.com/pt/twitch-downloader/","5","VODs Completos","14","Clipes em HD","12","Indexable",""
"https://downkingo.com/pt/kwai-downloader/","5","Sem Marca D'Água","16","Vídeos em HD","12","Indexable",""
"https://downkingo.com/pt/pinterest-downloader/","5","Imagens em Alta Resolução","25","Vídeos e Idea Pins","18","Indexable",""
"https://downkingo.com/pt/soundcloud-downloader/","5","MP3 320kbps","11","Playlists Completas","19","Indexable",""
"https://downkingo.com/pt/blog/bem-vindo-ao-blog-downkingo/","5","O que Esperar","13","O que é o DownKingo","19","Indexable",""
"https://downkingo.com/pt/blog/guia-converter-formatos-video/","7","Containers vs. Codecs: A Distinção Fundamental","46","Remuxing vs. Re-encoding","24","Indexable",""
"https://downkingo.com/pt/blog/melhores-downloaders-video-open-source/","8","yt-dlp (Linha de Comando)","25","DownKingo (Desktop GUI)","23","Indexable",""
"https://downkingo.com/pt/blog/como-baixar-tiktok-sem-marca-dagua/","8","Por que o TikTok Adiciona Marca D’Água","38","Como o DownKingo Obtém a Versão Limpa","37","Indexable",""
"https://downkingo.com/pt/blog/como-transcrever-audio-video-ia/","7","O que é o Whisper","17","Como Funciona no DownKingo","26","Indexable",""
"https://downkingo.com/pt/blog/como-baixar-videos-youtube-2026/","9","Por que Ferramentas Desktop Vencem os Conversores Online","56","Como a Qualidade de Vídeo do YouTube Realmente Funciona","55","Indexable",""
"https://downkingo.com/pt/spotify-downloader/","5","MP3 Alta Qualidade","18","Álbuns e Playlists","18","Indexable",""
"https://downkingo.com/pt/dailymotion-downloader/","5","Full HD Garantido","17","Sem Anúncios no Arquivo","23","Indexable",""
"https://downkingo.com/pt/reddit-downloader/","5","Vídeo + Áudio","13","Qualquer Subreddit","18","Indexable",""
"https://downkingo.com/pt/vimeo-downloader/","5","Qualidade Original","18","Legendas Embutidas","18","Indexable",""
"https://downkingo.com/en/youtube-downloader/","5","4K & 8K Support","15","Playlists & Channels","20","Indexable",""
"https://downkingo.com/tools/","14","YouTube Downloader","18","Instagram Downloader","20","Indexable",""
"https://downkingo.com/en/facebook-downloader/","5","Page Videos","11","Facebook Reels","14","Indexable",""
"https://downkingo.com/en/twitter-downloader/","5","HD Videos","9","Animated GIFs","13","Indexable",""
"https://downkingo.com/en/blog/","6","How to Transcribe Audio and Video with AI Using DownKingo","57","Welcome to the DownKingo Blog","29","Indexable",""
"https://downkingo.com/en/tiktok-downloader/","5","Removes User ID","15","Viral Sounds & Audio","20","Indexable",""
"https://downkingo.com/en/instagram-downloader/","5","Full HD Reels","13","Complete Carousel","17","Indexable",""
"https://downkingo.com/en/vimeo-downloader/","5","Original Quality","16","Embedded Subtitles","18","Indexable",""
"https://downkingo.com/en/dailymotion-downloader/","5","Full HD Guaranteed","18","No Ads in File","14","Indexable",""
"https://downkingo.com/en/spotify-downloader/","5","High Quality MP3","16","Albums & Playlists","18","Indexable",""
"https://downkingo.com/en/kwai-downloader/","5","No Watermark","12","HD Videos","9","Indexable",""
"https://downkingo.com/en/twitch-downloader/","5","Complete VODs","13","HD Clips","8","Indexable",""
"https://downkingo.com/en/reddit-downloader/","5","Video + Audio","13","Any Subreddit","13","Indexable",""
"https://downkingo.com/en/soundcloud-downloader/","5","MP3 320kbps","11","Full Playlists","14","Indexable",""
"https://downkingo.com/en/blog/best-open-source-video-downloaders/","8","yt-dlp (Command-Line Interface)","31","DownKingo (Desktop GUI)","23","Indexable",""
"https://downkingo.com/en/pinterest-downloader/","5","High Resolution Images","22","Videos & Idea Pins","18","Indexable",""
"https://downkingo.com/en/blog/welcome-to-downkingo-blog/","5","What to Expect","14","What is DownKingo","17","Indexable",""
"https://downkingo.com/en/blog/how-to-transcribe-audio-video-ai/","7","What is Whisper","15","How It Works in DownKingo","25","Indexable",""
"https://downkingo.com/en/blog/how-to-download-tiktok-without-watermark/","8","Why TikTok Adds Watermarks","26","How DownKingo Gets the Clean Version","36","Indexable",""
"https://downkingo.com/en/blog/convert-video-formats-guide/","7","Containers vs. Codecs: The Fundamental Distinction","50","Remuxing vs. Re-encoding","24","Indexable",""
"https://downkingo.com/en/blog/how-to-download-youtube-videos-2026/","9","Why Desktop Tools Beat Online Converters","40","How YouTube Video Quality Actually Works","40","Indexable",""
