"Type","Source","Destination","Size (Bytes)"
"Image","https://downkingo.com/pt/blog/como-baixar-videos-youtube-2026/","https://downkingo.com/_astro/youtube-download.CtmHG0if_iVh3g.png","186685"
"Image","https://downkingo.com/en/blog/how-to-download-youtube-videos-2026/","https://downkingo.com/_astro/youtube-download.CtmHG0if_iVh3g.png","186685"
"Image","https://downkingo.com/pt/blog/como-transcrever-audio-video-ia/","https://downkingo.com/_astro/transcriber-ai.C8aC4gXl_cSMJi.png","239066"
"Image","https://downkingo.com/en/blog/how-to-transcribe-audio-video-ai/","https://downkingo.com/_astro/transcriber-ai.C8aC4gXl_cSMJi.png","239066"
"Image","https://downkingo.com/pt/blog/como-baixar-tiktok-sem-marca-dagua/","https://downkingo.com/_astro/tiktok-download.DucAIOa5_ZlySUY.png","216985"
"Image","https://downkingo.com/en/blog/how-to-download-tiktok-without-watermark/","https://downkingo.com/_astro/tiktok-download.DucAIOa5_ZlySUY.png","216985"
"Image","https://downkingo.com/pt/blog/melhores-downloaders-video-open-source/","https://downkingo.com/_astro/open-source-downloaders.D7VBny5o_Z2aElW7.png","180938"
"Image","https://downkingo.com/en/blog/best-open-source-video-downloaders/","https://downkingo.com/_astro/open-source-downloaders.D7VBny5o_Z2aElW7.png","180938"
"Image","https://downkingo.com/pt/blog/guia-converter-formatos-video/","https://downkingo.com/_astro/video-formats.zTcyOxXY_fdyfQ.png","251700"
"Image","https://downkingo.com/en/blog/convert-video-formats-guide/","https://downkingo.com/_astro/video-formats.zTcyOxXY_fdyfQ.png","251700"
"Image","https://downkingo.com/pt/blog/bem-vindo-ao-blog-downkingo/","https://downkingo.com/_astro/welcome-hero.KpfLQg_1_uRaO.png","186709"
"Image","https://downkingo.com/en/blog/welcome-to-downkingo-blog/","https://downkingo.com/_astro/welcome-hero.KpfLQg_1_uRaO.png","186709"
