"Address","Occurrences","Title 1","Title 1 Length","Title 1 Pixel Width","Indexability","Indexability Status"
"https://downkingo.com/pt/blog/guia-converter-formatos-video/","1","Como Converter Formatos de Vídeo: MP4, MKV, WebM, MP3 e Mais | DownKingo Blog","77","758","Indexable",""
"https://downkingo.com/pt/blog/melhores-downloaders-video-open-source/","1","Melhores Downloaders de Vídeo Open Source em 2026: Comparativo Honesto | DownKingo Blog","87","849","Indexable",""
"https://downkingo.com/pt/blog/como-baixar-tiktok-sem-marca-dagua/","1","Como Baixar Vídeos do TikTok Sem Marca D'Água | DownKingo Blog","62","606","Indexable",""
"https://downkingo.com/pt/blog/como-transcrever-audio-video-ia/","1","Como Transcrever Áudio e Vídeo com IA Usando o DownKingo | DownKingo Blog","73","712","Indexable",""
"https://downkingo.com/pt/blog/como-baixar-videos-youtube-2026/","1","Como Baixar Vídeos do YouTube em 2026 (4K, MP3 e Mais) | DownKingo Blog","71","691","Indexable",""
"https://downkingo.com/en/blog/best-open-source-video-downloaders/","1","Best Open Source Video Downloaders in 2026: An Honest Comparison | DownKingo Blog","81","780","Indexable",""
"https://downkingo.com/en/blog/how-to-transcribe-audio-video-ai/","1","How to Transcribe Audio and Video with AI Using DownKingo | DownKingo Blog","74","700","Indexable",""
"https://downkingo.com/en/blog/how-to-download-tiktok-without-watermark/","1","How to Download TikTok Videos Without Watermark | DownKingo Blog","64","625","Indexable",""
"https://downkingo.com/en/blog/convert-video-formats-guide/","1","How to Convert Video Formats: MP4, MKV, WebM, MP3 and More | DownKingo Blog","75","739","Indexable",""
"https://downkingo.com/en/blog/how-to-download-youtube-videos-2026/","1","How to Download YouTube Videos in 2026 (4K, MP3 and More) | DownKingo Blog","74","720","Indexable",""
